{
	"format_version": "1.8.0",
	"animations": {
		"charge": {
			"animation_length": 1.45,
			"override_previous_animation": true,
			"bones": {
				"allef_ball_charge_sword": {
					"position": {
						"vector": [0, -7, 0]
					}
				},
				"ef_ball_charge_sword1": {
					"rotation": {
						"0.0": {
							"vector": [11.78205, 52.55585, -0.88974]
						},
						"0.2": {
							"vector": [11.78, 52.56, -0.89]
						},
						"0.4": {
							"vector": [-10.71795, 52.55585, -0.88974]
						},
						"0.6": {
							"vector": [-10.71795, 52.55585, -0.88974]
						}
					},
					"position": {
						"0.0": {
							"vector": [36, 9, 29]
						},
						"0.2": {
							"vector": [0, 0, 0]
						},
						"0.4": {
							"vector": [36, 9, 29]
						},
						"0.6": {
							"vector": [0, 19, 0]
						}
					},
					"scale": {
						"0.0": {
							"vector": [0, 0, 0]
						},
						"0.05": {
							"vector": [3, 2.8, 1]
						},
						"0.1": {
							"vector": [0.3, 0.3, 11.2]
						},
						"0.2": {
							"vector": [0, 0, 0]
						},
						"0.4": {
							"vector": [0, 0, 0]
						},
						"0.45": {
							"vector": [3, 2.8, 1]
						},
						"0.5": {
							"vector": [0.3, 0.3, 11.2]
						},
						"0.6": {
							"vector": [0, 0, 0]
						}
					}
				},
				"ef_ball_charge_sword2": {
					"rotation": {
						"0.05": {
							"vector": [83.65645, 72.44525, 3.96721]
						},
						"0.25": {
							"vector": [83.65645, 72.44525, 3.96721]
						},
						"0.45": {
							"vector": [108.70804, 74.83105, 6.62588]
						},
						"0.65": {
							"vector": [108.70804, 74.83105, 6.62588]
						}
					},
					"position": {
						"0.05": {
							"vector": [-39, 12, -10]
						},
						"0.25": {
							"vector": [0, 4, 0]
						},
						"0.45": {
							"vector": [-39, 12, -10]
						},
						"0.65": {
							"vector": [0, 21, 0]
						}
					},
					"scale": {
						"0.05": {
							"vector": [0, 0, 0]
						},
						"0.1": {
							"vector": [2.2, 1, 2.3]
						},
						"0.15": {
							"vector": [0.3, 10.3, 0.3]
						},
						"0.25": {
							"vector": [0, 0, 0]
						},
						"0.45": {
							"vector": [0, 0, 0]
						},
						"0.5": {
							"vector": [2.2, 1, 2.3]
						},
						"0.55": {
							"vector": [0.3, 10.3, 0.3]
						},
						"0.65": {
							"vector": [0, 0, 0]
						}
					}
				},
				"ef_ball_charge_sword3": {
					"rotation": {
						"0.1": {
							"vector": [-94.67691, 47.41915, -167.90294]
						},
						"0.3": {
							"vector": [-94.67691, 47.41915, -167.90294]
						},
						"0.5": {
							"vector": [-79.67691, 47.41915, -167.90294]
						},
						"0.7": {
							"vector": [-79.67691, 47.41915, -167.90294]
						}
					},
					"position": {
						"0.1": {
							"vector": [-33, 20, 32]
						},
						"0.3": {
							"vector": [0, 8, 0]
						},
						"0.5": {
							"vector": [-33, 20, 32]
						},
						"0.7": {
							"vector": [0, 22, 0]
						}
					},
					"scale": {
						"0.1": {
							"vector": [0, 0, 0]
						},
						"0.15": {
							"vector": [2.2, 1, 2.3]
						},
						"0.2": {
							"vector": [0.3, 10.3, 0.3]
						},
						"0.3": {
							"vector": [0, 0, 0]
						},
						"0.5": {
							"vector": [0, 0, 0]
						},
						"0.55": {
							"vector": [2.2, 1, 2.3]
						},
						"0.6": {
							"vector": [0.3, 10.3, 0.3]
						},
						"0.7": {
							"vector": [0, 0, 0]
						}
					}
				},
				"ef_ball_charge_sword4": {
					"rotation": {
						"0.15": {
							"vector": [-69.82844, 40.43769, -171.71709]
						},
						"0.35": {
							"vector": [-69.82844, 40.43769, -171.71709]
						},
						"0.55": {
							"vector": [-91.82844, 40.43769, -171.71709]
						},
						"0.75": {
							"vector": [-91.82844, 40.43769, -171.71709]
						}
					},
					"position": {
						"0.15": {
							"vector": [28, 19, -30]
						},
						"0.35": {
							"vector": [0, 11, 0]
						},
						"0.55": {
							"vector": [28, 19, -30]
						},
						"0.75": {
							"vector": [0, 25, 0]
						}
					},
					"scale": {
						"0.15": {
							"vector": [0, 0, 0]
						},
						"0.2": {
							"vector": [2.2, 1, 2.3]
						},
						"0.25": {
							"vector": [0.3, 10.3, 0.3]
						},
						"0.35": {
							"vector": [0, 0, 0]
						},
						"0.55": {
							"vector": [0, 0, 0]
						},
						"0.6": {
							"vector": [2.2, 1, 2.3]
						},
						"0.65": {
							"vector": [0.3, 10.3, 0.3]
						},
						"0.75": {
							"vector": [0, 0, 0]
						}
					}
				},
				"ef_ball_charge_sword5": {
					"rotation": {
						"0.2": {
							"vector": [34.37081, 71.99815, -61.94533]
						},
						"0.4": {
							"vector": [34.37081, 71.99815, -61.94533]
						},
						"0.6": {
							"vector": [29.89705, 69.80009, -48.16973]
						},
						"0.8": {
							"vector": [78.89705, 69.80009, -48.16973]
						}
					},
					"position": {
						"0.2": {
							"vector": [38, 16, 7]
						},
						"0.4": {
							"vector": [0, 12, 0]
						},
						"0.6": {
							"vector": [38, 16, 7]
						},
						"0.8": {
							"vector": [0, 25, 0]
						}
					},
					"scale": {
						"0.2": {
							"vector": [0, 0, 0]
						},
						"0.25": {
							"vector": [2.2, 1, 2.3]
						},
						"0.3": {
							"vector": [0.3, 10.3, 0.3]
						},
						"0.4": {
							"vector": [0, 0, 0]
						},
						"0.6": {
							"vector": [0, 0, 0]
						},
						"0.65": {
							"vector": [2.2, 1, 2.3]
						},
						"0.7": {
							"vector": [0.3, 10.3, 0.3]
						},
						"0.8": {
							"vector": [0, 0, 0]
						}
					}
				},
				"ef_ball_charge_sword6": {
					"rotation": {
						"0.25": {
							"vector": [-107.35615, 12.46187, -184.32559]
						},
						"0.45": {
							"vector": [-107.35615, 12.46187, -184.32559]
						},
						"0.65": {
							"vector": [-82.35615, 12.46187, -184.32559]
						},
						"0.85": {
							"vector": [-82.35615, 12.46187, -184.32559]
						}
					},
					"position": {
						"0.25": {
							"vector": [-13, 26, 41]
						},
						"0.45": {
							"vector": [0, 14, 0]
						},
						"0.65": {
							"vector": [-13, 26, 41]
						},
						"0.85": {
							"vector": [0, 29, 0]
						}
					},
					"scale": {
						"0.25": {
							"vector": [0, 0, 0]
						},
						"0.3": {
							"vector": [2.2, 1, 2.3]
						},
						"0.35": {
							"vector": [0.3, 10.3, 0.3]
						},
						"0.45": {
							"vector": [0, 0, 0]
						},
						"0.65": {
							"vector": [0, 0, 0]
						},
						"0.7": {
							"vector": [2.2, 1, 2.3]
						},
						"0.75": {
							"vector": [0.3, 10.3, 0.3]
						},
						"0.85": {
							"vector": [0, 0, 0]
						}
					}
				},
				"ef_ball_charge_sword7": {
					"rotation": {
						"0.3": {
							"vector": [-107.31957, -55.85599, -155.58255]
						},
						"0.5": {
							"vector": [-107.31957, -55.85599, -155.58255]
						},
						"0.7": {
							"vector": [-125.16488, -52.16503, -161.33065]
						},
						"0.9": {
							"vector": [-125.16488, -52.16503, -161.33065]
						}
					},
					"position": {
						"0.3": {
							"vector": [-32, 17, -22]
						},
						"0.5": {
							"vector": [0, 16, 0]
						},
						"0.7": {
							"vector": [-32, 17, -22]
						},
						"0.9": {
							"vector": [0, 30, 0]
						}
					},
					"scale": {
						"0.3": {
							"vector": [0, 0, 0]
						},
						"0.35": {
							"vector": [2.2, 1, 2.3]
						},
						"0.4": {
							"vector": [0.3, 10.3, 0.3]
						},
						"0.5": {
							"vector": [0, 0, 0]
						},
						"0.7": {
							"vector": [0, 0, 0]
						},
						"0.75": {
							"vector": [2.2, 1, 2.3]
						},
						"0.8": {
							"vector": [0.3, 10.3, 0.3]
						},
						"0.9": {
							"vector": [0, 0, 0]
						}
					}
				},
				"ef_ball_charge_sword8": {
					"rotation": {
						"0.35": {
							"vector": [-276.87849, -54.17093, -8.44824]
						},
						"0.55": {
							"vector": [-276.87849, -54.17093, -8.44824]
						},
						"0.75": {
							"vector": [-259.25773, -49.53137, -5.42553]
						},
						"0.95": {
							"vector": [-259.25773, -49.53137, -5.42553]
						}
					},