{
	"format_version": "1.12.0",
	"minecraft:geometry": [
		{
			"description": {
				"identifier": "geometry.ent_branch",
				"texture_width": 128,
				"texture_height": 128,
				"visible_bounds_width": 5,
				"visible_bounds_height": 5,
				"visible_bounds_offset": [0, -1.5, 0]
			},
			"bones": [
				{
					"name": "branch",
					"pivot": [0, -33.8068, -16],
					"rotation": [-35, 0, 0],
					"cubes": [
						{
							"origin": [-0.49156, -19.43611, -21.36918],
							"size": [4.71744, 29.05632, 4.17312],
							"pivot": [1.86716, -13.63003, -19.28262],
							"rotation": [-45, 0, 0],
							"uv": {
								"north": {"uv": [8, 19], "uv_size": [3, 14]},
								"east": {"uv": [8, 19], "uv_size": [3, 14]},
								"south": {"uv": [8, 19], "uv_size": [3, 14]},
								"west": {"uv": [8, 19], "uv_size": [3, 14]},
								"up": {"uv": [10.912, 21.576], "uv_size": [-2.912, -2.576]},
								"down": {"uv": [10.912, 21.576], "uv_size": [-2.912, -2.576]}
							}
						},
						{
							"origin": [-2.96692, -68.13979, -21.27846],
							"size": [4.17312, 21.37104, 4.71744],
							"pivot": [-0.88036, -58.43275, -18.91974],
							"rotation": [0, 0, 45],
							"uv": {
								"north": {"uv": [8, 19], "uv_size": [3, 14]},
								"east": {"uv": [8, 19], "uv_size": [3, 14]},
								"south": {"uv": [8, 19], "uv_size": [3, 14]},
								"west": {"uv": [8, 19], "uv_size": [3, 14]},
								"up": {"uv": [10.576, 21.912], "uv_size": [-2.576, -2.912]},
								"down": {"uv": [10.576, 21.912], "uv_size": [-2.576, -2.912]}
							}
						},
						{
							"origin": [-0.49156, -68.13979, -20.38422],
							"size": [4.71744, 19.764, 4.17312],
							"pivot": [1.86716, -60.03979, -18.29766],
							"rotation": [-45, 0, 0],
							"uv": {
								"north": {"uv": [8, 19], "uv_size": [3, 14]},
								"east": {"uv": [8, 19], "uv_size": [3, 14]},
								"south": {"uv": [8, 19], "uv_size": [3, 14]},
								"west": {"uv": [8, 19], "uv_size": [3, 14]},
								"up": {"uv": [10.912, 21.576], "uv_size": [-2.912, -2.576]},
								"down": {"uv": [10.912, 21.576], "uv_size": [-2.912, -2.576]}
							}
						},
						{
							"origin": [-1.20436, -68.13979, -15.52422],
							"size": [4.17312, 19.764, 4.71744],
							"pivot": [0.8822, -60.03979, -13.1655],
							"rotation": [0, 0, -45],
							"uv": {
								"north": {"uv": [8, 19], "uv_size": [3, 14]},
								"east": {"uv": [8, 19], "uv_size": [3, 14]},
								"south": {"uv": [8, 19], "uv_size": [3, 14]},
								"west": {"uv": [8, 19], "uv_size": [3, 14]},
								"up": {"uv": [11, 33], "uv_size": [-3, -14]},
								"down": {"uv": [10.576, 21.912], "uv_size": [-2.576, -2.912]}
							}
						},
						{
							"origin": [-4.22404, -68.13979, -16.23702],
							"size": [4.71744, 21.37104, 4.17312],
							"pivot": [-1.86532, -58.43275, -14.15046],
							"rotation": [45, 0, 0],
							"uv": {
								"north": {"uv": [8, 19], "uv_size": [3, 14]},
								"east": {"uv": [8, 19], "uv_size": [3, 14]},
								"south": {"uv": [8, 19], "uv_size": [3, 14]},
								"west": {"uv": [8, 19], "uv_size": [3, 14]},
								"up": {"uv": [10.912, 21.576], "uv_size": [-2.912, -2.576]},
								"down": {"uv": [10.912, 21.576], "uv_size": [-2.912, -2.576]}
							}
						},
						{
							"origin": [-0.2194, -19.43611, -15.52422],
							"size": [4.17312, 20.89152, 4.71744],
							"pivot": [1.86716, -13.63003, -13.1655],
							"rotation": [0, 0, -45],
							"uv": {
								"north": {"uv": [8, 19], "uv_size": [3, 14]},
								"east": {"uv": [8, 19], "uv_size": [3, 14]},
								"south": {"uv": [8, 19], "uv_size": [3, 14]},
								"west": {"uv": [8, 19], "uv_size": [3, 14]},
								"up": {"uv": [10.576, 21.912], "uv_size": [-2.576, -2.912]},
								"down": {"uv": [10.576, 21.912], "uv_size": [-2.576, -2.912]}
							}
						},
						{
							"origin": [-4.22404, -17.82907, -15.25206],
							"size": [4.71744, 23.12064, 4.17312],
							"pivot": [-1.86532, -12.02299, -13.1655],
							"rotation": [45, 0, 0],
							"uv": {
								"north": {"uv": [8, 19], "uv_size": [3, 14]},
								"east": {"uv": [8, 19], "uv_size": [3, 14]},
								"south": {"uv": [8, 19], "uv_size": [3, 14]},
								"west": {"uv": [8, 19], "uv_size": [3, 14]},
								"up": {"uv": [10.912, 21.576], "uv_size": [-2.912, -2.576]},
								"down": {"uv": [10.912, 21.576], "uv_size": [-2.912, -2.576]}
							}
						},
						{
							"origin": [-3.95188, -17.82907, -21.27846],
							"size": [4.17312, 22.44672, 4.71744],
							"pivot": [-1.86532, -12.02299, -18.91974],
							"rotation": [0, 0, 45],
							"uv": {
								"north": {"uv": [8, 19], "uv_size": [3, 14]},
								"east": {"uv": [8, 19], "uv_size": [3, 14]},
								"south": {"uv": [8, 19], "uv_size": [3, 14]},
								"west": {"uv": [8, 19], "uv_size": [3, 14]},
								"up": {"uv": [10.576, 21.912], "uv_size": [-2.576, -2.912]},
								"down": {"uv": [10.576, 21.912], "uv_size": [-2.576, -2.912]}
							}
						},
						{
							"origin": [-13.7626, -50.74747, -12.29718],
							"size": [17.47008, 4.17312, 4.71744],
							"pivot": [-2.0986, -48.66091, -9.93846],
							"rotation": [0, 0, 45],
							"uv": {
								"north": {"uv": [8, 19], "uv_size": [2.576, 10.784], "uv_rotation": 90},
								"east": {"uv": [8, 19], "uv_size": [2.576, 2.912], "uv_rotation": 90},
								"south": {"uv": [8, 19], "uv_size": [2.576, 10.784], "uv_rotation": 90},
								"west": {"uv": [8, 19], "uv_size": [2.576, 2.912], "uv_rotation": 90},
								"up": {"uv": [10.576, 29.784], "uv_size": [-2.576, -10.784], "uv_rotation": 90},
								"down": {"uv": [10.576, 29.784], "uv_size": [-2.576, -10.784], "uv_rotation": 90}
							}
						},
						{
							"origin": [-9.83572, -50.74747, -28.79526],
							"size": [4.71744, 4.17312, 17.47008],
							"pivot": [-7.477, -48.66091, -17.13126],
							"rotation": [-45, 0, 0],
							"uv": {
								"north": {"uv": [8, 19], "uv_size": [3, 14]},
								"east": {"uv": [8, 19], "uv_size": [2.576, 10.784], "uv_rotation": 90},
								"south": {"uv": [8, 19], "uv_size": [2.912, 2.576]},
								"west": {"uv": [8, 19], "uv_size": [2.576, 10.784], "uv_rotation": 90},
								"up": {"uv": [11, 33], "uv_size": [-3, -14]},
								"down": {"uv": [11, 33], "uv_size": [-3, -14]}
							}
						},
						{
							"origin": [-3.70564, -49.14043, -24.86838],
							"size": [17.47008, 4.17312, 4.71744],
							"pivot": [2.10044, -47.05387, -22.50966],
							"rotation": [0, 0, -45],
							"uv": {
								"north": {"uv": [8, 19], "uv_size": [2.576, 10.784], "uv_rotation": 90},
								"east": {"uv": [8, 19], "uv_size": [2.576, 2.912], "uv_rotation": 90},
								"south": {"uv": [8, 19], "uv_size": [2.576, 10.784], "uv_rotation": 90},
								"west": {"uv": [8, 19], "uv_size": [2.576, 2.912], "uv_rotation": 90},
								"up": {"uv": [10.576, 29.784], "uv_size": [-2.576, -10.784], "uv_rotation": 90},
								"down": {"uv": [10.576, 29.784], "uv_size": [-2.576, -10.784], "uv_rotation": 90}
							}
						},
						{
							"origin": [5.12012, -49.14043, -20.76006],
							"size": [4.71744, 4.17312, 17.47008],
							"pivot": [7.47884, -47.05387, -14.95398],
							"rotation": [45, 0, 0],
							"uv": {
								"north": {"uv": [8, 19], "uv_size": [2.576, 2.912], "uv_rotation": 90},
								"east": {"uv": [8, 19], "uv_size": [2.576, 10.784], "uv_rotation": 90},
								"south": {"uv": [8, 19], "uv_size": [2.576, 2.912], "uv_rotation": 90},
								"west": {"uv": [8, 19], "uv_size": [2.576, 10.784], "uv_rotation": 90},
								"up": {"uv": [11, 33], "uv_size": [-3, -14]},
								"down": {"uv": [11, 33], "uv_size": [-3, -14]}
							}
						},
						{
							"origin": [-13.7626, -23.28523, -25.25718],
							"size": [17.47008, 4.17312, 4.71744],
							"pivot": [-2.0986, -21.19867, -22.89846],
							"rotation": [0, 0, -45],
							"uv": {
								"north": {"uv": [8, 19], "uv_size": [2.576, 10.784], "uv_rotation": 90},
								"east": {"uv": [8, 19], "uv_size": [2.912, 2.576]},