{
	"format_version": "1.12.0",
	"minecraft:geometry": [
		{
			"description": {
				"identifier": "geometry.ent_branch_upwards",
				"texture_width": 128,
				"texture_height": 128,
				"visible_bounds_width": 3,
				"visible_bounds_height": 6,
				"visible_bounds_offset": [0, -2, 0]
			},
			"bones": [
				{
					"name": "branch",
					"pivot": [0, -38.8068, 0],
					"cubes": [
						{
							"origin": [-0.49156, -24.43611, -5.36918],
							"size": [4.71744, 29.05632, 4.17312],
							"pivot": [1.86716, -18.63003, -3.28262],
							"rotation": [-45, 0, 0],
							"uv": {
								"north": {"uv": [8, 19], "uv_size": [3, 14]},
								"east": {"uv": [8, 19], "uv_size": [3, 14]},
								"south": {"uv": [8, 19], "uv_size": [3, 14]},
								"west": {"uv": [8, 19], "uv_size": [3, 14]},
								"up": {"uv": [10.912, 21.576], "uv_size": [-2.912, -2.576]},
								"down": {"uv": [10.912, 21.576], "uv_size": [-2.912, -2.576]}
							}
						},
						{
							"origin": [-2.96692, -73.13979, -5.27846],
							"size": [4.17312, 21.37104, 4.71744],
							"pivot": [-0.88036, -63.43275, -2.91974],
							"rotation": [0, 0, 45],
							"uv": {
								"north": {"uv": [8, 19], "uv_size": [3, 14]},
								"east": {"uv": [8, 19], "uv_size": [3, 14]},
								"south": {"uv": [8, 19], "uv_size": [3, 14]},
								"west": {"uv": [8, 19], "uv_size": [3, 14]},
								"up": {"uv": [10.576, 21.912], "uv_size": [-2.576, -2.912]},
								"down": {"uv": [10.576, 21.912], "uv_size": [-2.576, -2.912]}
							}
						},
						{
							"origin": [-0.49156, -73.13979, -4.38422],
							"size": [4.71744, 19.764, 4.17312],
							"pivot": [1.86716, -65.03979, -2.29766],
							"rotation": [-45, 0, 0],
							"uv": {
								"north": {"uv": [8, 19], "uv_size": [3, 14]},
								"east": {"uv": [8, 19], "uv_size": [3, 14]},
								"south": {"uv": [8, 19], "uv_size": [3, 14]},
								"west": {"uv": [8, 19], "uv_size": [3, 14]},
								"up": {"uv": [10.912, 21.576], "uv_size": [-2.912, -2.576]},
								"down": {"uv": [10.912, 21.576], "uv_size": [-2.912, -2.576]}
							}
						},
						{
							"origin": [-1.20436, -73.13979, 0.47578],
							"size": [4.17312, 19.764, 4.71744],
							"pivot": [0.8822, -65.03979, 2.8345],
							"rotation": [0, 0, -45],
							"uv": {
								"north": {"uv": [8, 19], "uv_size": [3, 14]},
								"east": {"uv": [8, 19], "uv_size": [3, 14]},
								"south": {"uv": [8, 19], "uv_size": [3, 14]},
								"west": {"uv": [8, 19], "uv_size": [3, 14]},
								"up": {"uv": [11, 33], "uv_size": [-3, -14]},
								"down": {"uv": [10.576, 21.912], "uv_size": [-2.576, -2.912]}
							}
						},
						{
							"origin": [-4.22404, -73.13979, -0.23702],
							"size": [4.71744, 21.37104, 4.17312],
							"pivot": [-1.86532, -63.43275, 1.84954],
							"rotation": [45, 0, 0],
							"uv": {
								"north": {"uv": [8, 19], "uv_size": [3, 14]},
								"east": {"uv": [8, 19], "uv_size": [3, 14]},
								"south": {"uv": [8, 19], "uv_size": [3, 14]},
								"west": {"uv": [8, 19], "uv_size": [3, 14]},
								"up": {"uv": [10.912, 21.576], "uv_size": [-2.912, -2.576]},
								"down": {"uv": [10.912, 21.576], "uv_size": [-2.912, -2.576]}
							}
						},
						{
							"origin": [-0.2194, -24.43611, 0.47578],
							"size": [4.17312, 20.89152, 4.71744],
							"pivot": [1.86716, -18.63003, 2.8345],
							"rotation": [0, 0, -45],
							"uv": {
								"north": {"uv": [8, 19], "uv_size": [3, 14]},
								"east": {"uv": [8, 19], "uv_size": [3, 14]},
								"south": {"uv": [8, 19], "uv_size": [3, 14]},
								"west": {"uv": [8, 19], "uv_size": [3, 14]},
								"up": {"uv": [10.576, 21.912], "uv_size": [-2.576, -2.912]},
								"down": {"uv": [10.576, 21.912], "uv_size": [-2.576, -2.912]}
							}
						},
						{
							"origin": [-4.22404, -22.82907, 0.74794],
							"size": [4.71744, 23.12064, 4.17312],
							"pivot": [-1.86532, -17.02299, 2.8345],
							"rotation": [45, 0, 0],
							"uv": {
								"north": {"uv": [8, 19], "uv_size": [3, 14]},
								"east": {"uv": [8, 19], "uv_size": [3, 14]},
								"south": {"uv": [8, 19], "uv_size": [3, 14]},
								"west": {"uv": [8, 19], "uv_size": [3, 14]},
								"up": {"uv": [10.912, 21.576], "uv_size": [-2.912, -2.576]},
								"down": {"uv": [10.912, 21.576], "uv_size": [-2.912, -2.576]}
							}
						},
						{
							"origin": [-3.95188, -22.82907, -5.27846],
							"size": [4.17312, 22.44672, 4.71744],
							"pivot": [-1.86532, -17.02299, -2.91974],
							"rotation": [0, 0, 45],
							"uv": {
								"north": {"uv": [8, 19], "uv_size": [3, 14]},
								"east": {"uv": [8, 19], "uv_size": [3, 14]},
								"south": {"uv": [8, 19], "uv_size": [3, 14]},
								"west": {"uv": [8, 19], "uv_size": [3, 14]},
								"up": {"uv": [10.576, 21.912], "uv_size": [-2.576, -2.912]},
								"down": {"uv": [10.576, 21.912], "uv_size": [-2.576, -2.912]}
							}
						},
						{
							"origin": [-13.7626, -55.74747, 3.70282],
							"size": [17.47008, 4.17312, 4.71744],
							"pivot": [-2.0986, -53.66091, 6.06154],
							"rotation": [0, 0, 45],
							"uv": {
								"north": {"uv": [8, 19], "uv_size": [2.576, 10.784], "uv_rotation": 90},
								"east": {"uv": [8, 19], "uv_size": [2.576, 2.912], "uv_rotation": 90},
								"south": {"uv": [8, 19], "uv_size": [2.576, 10.784], "uv_rotation": 90},
								"west": {"uv": [8, 19], "uv_size": [2.576, 2.912], "uv_rotation": 90},
								"up": {"uv": [10.576, 29.784], "uv_size": [-2.576, -10.784], "uv_rotation": 90},
								"down": {"uv": [10.576, 29.784], "uv_size": [-2.576, -10.784], "uv_rotation": 90}
							}
						},
						{
							"origin": [-9.83572, -55.74747, -12.79526],
							"size": [4.71744, 4.17312, 17.47008],
							"pivot": [-7.477, -53.66091, -1.13126],
							"rotation": [-45, 0, 0],
							"uv": {
								"north": {"uv": [8, 19], "uv_size": [3, 14]},
								"east": {"uv": [8, 19], "uv_size": [2.576, 10.784], "uv_rotation": 90},
								"south": {"uv": [8, 19], "uv_size": [2.912, 2.576]},
								"west": {"uv": [8, 19], "uv_size": [2.576, 10.784], "uv_rotation": 90},
								"up": {"uv": [11, 33], "uv_size": [-3, -14]},
								"down": {"uv": [11, 33], "uv_size": [-3, -14]}
							}
						},
						{
							"origin": [-3.70564, -54.14043, -8.86838],
							"size": [17.47008, 4.17312, 4.71744],
							"pivot": [2.10044, -52.05387, -6.50966],
							"rotation": [0, 0, -45],
							"uv": {
								"north": {"uv": [8, 19], "uv_size": [2.576, 10.784], "uv_rotation": 90},
								"east": {"uv": [8, 19], "uv_size": [2.576, 2.912], "uv_rotation": 90},
								"south": {"uv": [8, 19], "uv_size": [2.576, 10.784], "uv_rotation": 90},
								"west": {"uv": [8, 19], "uv_size": [2.576, 2.912], "uv_rotation": 90},
								"up": {"uv": [10.576, 29.784], "uv_size": [-2.576, -10.784], "uv_rotation": 90},
								"down": {"uv": [10.576, 29.784], "uv_size": [-2.576, -10.784], "uv_rotation": 90}
							}
						},
						{
							"origin": [5.12012, -54.14043, -4.76006],
							"size": [4.71744, 4.17312, 17.47008],
							"pivot": [7.47884, -52.05387, 1.04602],
							"rotation": [45, 0, 0],
							"uv": {
								"north": {"uv": [8, 19], "uv_size": [2.576, 2.912], "uv_rotation": 90},
								"east": {"uv": [8, 19], "uv_size": [2.576, 10.784], "uv_rotation": 90},
								"south": {"uv": [8, 19], "uv_size": [2.576, 2.912], "uv_rotation": 90},
								"west": {"uv": [8, 19], "uv_size": [2.576, 10.784], "uv_rotation": 90},
								"up": {"uv": [11, 33], "uv_size": [-3, -14]},
								"down": {"uv": [11, 33], "uv_size": [-3, -14]}
							}
						},
						{
							"origin": [-13.7626, -28.28523, -9.25718],
							"size": [17.47008, 4.17312, 4.71744],
							"pivot": [-2.0986, -26.19867, -6.89846],
							"rotation": [0, 0, -45],
							"uv": {
								"north": {"uv": [8, 19], "uv_size": [2.576, 10.784], "uv_rotation": 90},
								"east": {"uv": [8, 19], "uv_size": [2.912, 2.576]},
								"south": {"uv": [8, 19], "uv_size": [2.576, 10.784], "uv_rotation": 90},