{
	"format_version": "1.8.0",
	"animations": {
		"actived": {
			"animation_length": 0.65,
			"bones": {
				"efcircle1": {
					"position": {
						"vector": [0, 1, 0]
					},
					"scale": {
						"0.0": {
							"vector": [0, 0, 0]
						},
						"0.1": {
							"vector": [0.8, 2.3, 0.8]
						},
						"0.25": {
							"vector": [1.3333, 1.2667, 1.3333]
						},
						"0.35": {
							"vector": [1.6, 0, 1.6]
						}
					}
				},
				"efball1": {
					"rotation": {
						"0.0": {
							"vector": [-71.0476, 12.35651, -31.9297]
						},
						"0.2": {
							"vector": [-71.0476, 12.35651, -31.9297]
						}
					},
					"position": {
						"0.0": {
							"vector": [0, 0, 0]
						},
						"0.05": {
							"vector": [-4.6, 6.5, -3]
						},
						"0.2": {
							"vector": [-14.6, 21.2, -9]
						}
					},
					"scale": {
						"0.0": {
							"vector": [0, 0, 0]
						},
						"0.05": {
							"vector": [0.2, 0.2, 2.2]
						},
						"0.2": {
							"vector": [0, 0, 0]
						}
					}
				},
				"efcircle2": {
					"rotation": {
						"0.0": {
							"vector": [-18.82133, -14.8947, -12.9006]
						},
						"0.45": {
							"vector": [5.64924, -19.92608, -31.0273]
						}
					},
					"position": {
						"vector": [0, 0.5, 0]
					},
					"scale": {
						"0.0": {
							"vector": [0, 0, 0]
						},
						"0.1": {
							"vector": [0.5, 2.3, 0.5]
						},
						"0.45": {
							"vector": [1.1, 0, 1.1]
						}
					}
				},
				"efcircle3": {
					"rotation": {
						"0.0": {
							"vector": [-5.57939, 1.97792, 33.00011]
						},
						"0.45": {
							"vector": [16.85992, 7.78458, 14.83479]
						}
					},
					"position": {
						"vector": [0, 0.5, 0]
					},
					"scale": {
						"0.0": {
							"vector": [0, 0, 0]
						},
						"0.1": {
							"vector": [0.5, 2.3, 0.5]
						},
						"0.45": {
							"vector": [1.1, 0, 1.1]
						}
					}
				},
				"efball2": {
					"rotation": {
						"0.0": {
							"vector": [48.63421, -17.60519, -36.64457]
						},
						"0.25": {
							"vector": [48.63421, -17.60519, -36.64457]
						}
					},
					"position": {
						"0.0": {
							"vector": [0, 0, 0]
						},
						"0.05": {
							"vector": [4, -5, -4]
						},
						"0.25": {
							"vector": [21, -24, -22]
						}
					},
					"scale": {
						"0.0": {
							"vector": [0, 0, 0]
						},
						"0.05": {
							"vector": [0.2, 0.2, 2.2]
						},
						"0.25": {
							"vector": [0, 0, 0]
						}
					}
				},
				"allef": {
					"rotation": {
						"vector": [0, 0, 0]
					},
					"position": {
						"vector": [0, 1, 0]
					},
					"scale": {
						"vector": [3, 3, 3]
					}
				},
				"efball3": {
					"rotation": {
						"0.0": {
							"vector": [67.39613, 15.43929, 42.08236]
						},
						"0.2": {
							"vector": [67.39613, 15.43929, 42.08236]
						}
					},
					"position": {
						"0.0": {
							"vector": [0, 0, 0]
						},
						"0.05": {
							"vector": [-6, -5.1, -3]
						},
						"0.2": {
							"vector": [-22, -19.1, -10]
						}
					},
					"scale": {
						"0.0": {
							"vector": [0, 0, 0]
						},
						"0.05": {
							"vector": [0.2, 0.2, 2.2]
						},
						"0.2": {
							"vector": [0, 0, 0]
						}
					}
				},
				"efball4": {
					"rotation": {
						"0.0": {
							"vector": [-46.91612, -21.06187, 24.73597]
						},
						"0.3": {
							"vector": [-46.91612, -21.06187, 24.73597]
						}
					},
					"position": {
						"0.0": {
							"vector": [0, 0, 0]
						},
						"0.05": {
							"vector": [4, 4.4, -5]
						},
						"0.3": {
							"vector": [16, 18.4, -21]
						}
					},
					"scale": {
						"0.0": {
							"vector": [0, 0, 0]
						},
						"0.05": {
							"vector": [0.2, 0.2, 2.2]
						},
						"0.3": {
							"vector": [0, 0, 0]
						}
					}
				},
				"efball5": {
					"rotation": {
						"0.0": {
							"vector": [36.3718, 23.59442, 20.7133]
						},
						"0.2": {
							"vector": [36.3718, 23.59442, 20.7133]
						}
					},
					"position": {
						"0.0": {
							"vector": [0, 0, 0]
						},
						"0.05": {
							"vector": [3, 2.3, 4.7]
						},
						"0.2": {
							"vector": [16, 12.3, 23.7]
						}
					},
					"scale": {
						"0.0": {
							"vector": [0, 0, 0]
						},
						"0.05": {
							"vector": [0.2, 0.2, 2.2]
						},
						"0.2": {
							"vector": [0, 0, 0]
						}
					}
				},
				"efball6": {
					"rotation": {
						"0.0": {
							"vector": [-7, 64, 0]
						},
						"0.25": {
							"vector": [-7, 64, 0]
						}
					},
					"position": {
						"0.0": {
							"vector": [0, 0, 0]
						},
						"0.05": {
							"vector": [-7.3, 0.7, -4]
						},
						"0.25": {
							"vector": [-28.5, 3.7, -15.1]
						}
					},
					"scale": {
						"0.0": {
							"vector": [0, 0, 0]
						},
						"0.05": {
							"vector": [0.2, 0.2, 2.2]
						},
						"0.25": {
							"vector": [0, 0, 0]
						}
					}
				},
				"efball7": {
					"rotation": {
						"0.0": {
							"vector": [-158.84568, -53.17391, -162.87301]
						},
						"0.2": {
							"vector": [-158.84568, -53.17391, -162.87301]
						}
					},
					"position": {
						"0.0": {
							"vector": [0, 0, 0]
						},
						"0.05": {
							"vector": [5.8, -5.4, 5]
						},
						"0.2": {
							"vector": [19.8, -15.4, 17.8]
						}
					},
					"scale": {
						"0.0": {
							"vector": [0, 0, 0]
						},
						"0.05": {
							"vector": [0.2, 0.2, 2.2]
						},
						"0.2": {
							"vector": [0, 0, 0]
						}
					}
				},
				"efball8": {
					"rotation": {
						"0.0": {
							"vector": [22, -58, 0]
						},
						"0.3": {
							"vector": [22, -58, 0]
						}
					},
					"position": {
						"0.0": {
							"vector": [0, 0, 0]
						},
						"0.05": {
							"vector": [-7, 2.6, 4.8]
						},
						"0.3": {
							"vector": [-23, 8.6, 15.8]
						}
					},
					"scale": {
						"0.0": {
							"vector": [0, 0, 0]
						},
						"0.05": {
							"vector": [0.2, 0.2, 2.2]
						},
						"0.3": {
							"vector": [0, 0, 0]
						}
					}
				}
			}
		}
	}
}