{
	"format_version": "1.8.0",
	"animations": {
		"spawn": {
			"animation_length": 0.7,
			"override_previous_animation": true,
			"bones": {
				"ef_slash": {
					"rotation": {
						"0.0": {
							"vector": [0, 135, 0]
						},
						"0.1": {
							"vector": [5, 0, 0]
						},
						"0.5": {
							"vector": [4.19985, -52.86557, 1.67611]
						},
						"0.7": {
							"vector": [4.2, -205.37, 1.68]
						}
					},
					"position": {
						"0.0": {
							"vector": [-7, 0, 9]
						},
						"0.1": {
							"vector": [0, 0, 0]
						},
						"0.5": {
							"vector": [3, 0, -1]
						},
						"0.7": {
							"vector": [14, 0, 12]
						}
					},
					"scale": {
						"0.0": {
							"vector": [0, 0, 0]
						},
						"0.1": {
							"vector": [0.8667, 0.8, 1.7667]
						},
						"0.15": {
							"vector": [1.275, 1.2, 1.275]
						},
						"0.2": {
							"vector": [1.3143, 1.2, 1.3143]
						},
						"0.25": {
							"vector": [1.2536, 1.2, 1.2786]
						},
						"0.3": {
							"vector": [1.3429, 1.2, 1.3429]
						},
						"0.35": {
							"vector": [1.3072, 1.2, 1.3072]
						},
						"0.4": {
							"vector": [1.3715, 1.2, 1.3715]
						},
						"0.45": {
							"vector": [1.2858, 1.2, 1.3358]
						},
						"0.5": {
							"vector": [1.4, 1.2, 1.4]
						},
						"0.7": {
							"vector": [0, 0, 0]
						}
					}
				},
				"bone": {
					"rotation": {
						"0.0": {
							"vector": [-3.91686, 57.4145, 85.35435]
						},
						"0.2": {
							"vector": [-3.91686, 57.4145, 85.35435]
						}
					},
					"position": {
						"0.0": {
							"vector": [0, -17, -28]
						},
						"0.2": {
							"vector": [0, -17, -28]
						}
					},
					"scale": {
						"0.0": {
							"vector": [0, 0, 0]
						},
						"0.1": {
							"vector": [2.8, 1, 1]
						},
						"0.2": {
							"vector": [0, 2.7, 1]
						}
					}
				},
				"efball1": {
					"rotation": {
						"0.0": {
							"vector": [-25.03711, 5.5293, -68.29294]
						},
						"0.25": {
							"vector": [-25.03711, 5.5293, -68.29294]
						}
					},
					"position": {
						"0.0": {
							"vector": [-1, -8, -23]
						},
						"0.1": {
							"vector": [-11, -5, -20]
						},
						"0.25": {
							"vector": [-24, -0.5, -13]
						}
					},
					"scale": {
						"0.0": {
							"vector": [0, 0, 0]
						},
						"0.1": {
							"vector": [0.6, 3, 0.5]
						},
						"0.15": {
							"vector": [0.2, 3, 0.2]
						},
						"0.25": {
							"vector": [0, 0, 0]
						}
					}
				},
				"efcircle1": {
					"rotation": {
						"0.0": {
							"vector": [-67.42266, 4.61854, -88.08243]
						},
						"0.1": {
							"vector": [-67.42266, 4.61854, -88.08243]
						},
						"0.25": {
							"vector": [-67.42266, 4.61854, -88.08243]
						}
					},
					"position": {
						"0.0": {
							"vector": [-13, -9, -14]
						},
						"0.25": {
							"vector": [-19, -9, -8]
						}
					},
					"scale": {
						"0.0": {
							"vector": [0, 0, 0]
						},
						"0.1": {
							"vector": [0.5, 1, 0.5]
						},
						"0.2": {
							"vector": [0.7, 0, 0.7]
						},
						"0.25": {
							"vector": [0, 0, 0]
						}
					}
				},
				"vfx_dragon_slash": {
					"position": {
						"0.0": {
							"vector": [0, 6, 16]
						},
						"0.5": {
							"vector": [0, 6, 18]
						}
					},
					"scale": {
						"vector": [2, 2, 2]
					}
				},
				"efcircle2": {
					"rotation": {
						"0.15": {
							"vector": [0.07734, 4.61854, -88.08243]
						},
						"0.4": {
							"vector": [-27.42266, 4.61854, -88.08243]
						}
					},
					"position": {
						"0.15": {
							"vector": [-3, -9, -21]
						},
						"0.4": {
							"vector": [-19, -7.7, -18]
						}
					},
					"scale": {
						"0.15": {
							"vector": [0, 0, 0]
						},
						"0.25": {
							"vector": [0.5, 1, 0.5]
						},
						"0.35": {
							"vector": [0.7, 0, 0.7]
						},
						"0.4": {
							"vector": [0, 0, 0]
						}
					}
				},
				"bone2": {
					"rotation": {
						"0.05": {
							"vector": [80.52613, -76.4002, 14.89979]
						},
						"0.25": {
							"vector": [80.52613, -76.4002, 14.89979]
						}
					},
					"position": {
						"0.05": {
							"vector": [0, -17, -28]
						},
						"0.25": {
							"vector": [0, -17, -28]
						}
					},
					"scale": {
						"0.05": {
							"vector": [0, 0, 0]
						},
						"0.15": {
							"vector": [2.8, 1, 1]
						},
						"0.25": {
							"vector": [0, 2.7, 1]
						}
					}
				},
				"efball2": {
					"rotation": {
						"0.0": {
							"vector": [-46.88584, -4.15658, -95.92536]
						},
						"0.3": {
							"vector": [-46.88584, -4.15658, -95.92536]
						}
					},
					"position": {
						"0.0": {
							"vector": [-1, -8, -23]
						},
						"0.1": {
							"vector": [-8, -10.3, -17]
						},
						"0.3": {
							"vector": [-21, -13.3, -6]
						}
					},
					"scale": {
						"0.0": {
							"vector": [0, 0, 0]
						},
						"0.1": {
							"vector": [0.6, 3, 0.5]
						},
						"0.2": {
							"vector": [0.2, 3, 0.2]
						},
						"0.3": {
							"vector": [0, 0, 0]
						}
					}
				},
				"efball3": {
					"rotation": {
						"0.0": {
							"vector": [-50.4584, 2.33139, -81.9156]
						},
						"0.35": {
							"vector": [-50.4584, 2.33139, -81.9156]
						}
					},
					"position": {
						"0.0": {
							"vector": [-1, -8, -23]
						},
						"0.1": {
							"vector": [-10, -6.4, -15]
						},
						"0.35": {
							"vector": [-21, -3.9, -5]
						}
					},
					"scale": {
						"0.0": {
							"vector": [0, 0, 0]
						},
						"0.1": {
							"vector": [0.6, 3, 0.5]
						},
						"0.25": {
							"vector": [0.2, 3, 0.2]
						},
						"0.35": {
							"vector": [0, 0, 0]
						}
					}
				},
				"efball6": {
					"rotation": {
						"0.1": {
							"vector": [0, -36, 0]
						},
						"0.15": {
							"vector": [0, -54, 0]
						},
						"0.2": {
							"vector": [0, -72, 0]
						},
						"0.25": {
							"vector": [0, -90, 0]
						},
						"0.3": {
							"vector": [0, -108, 0]
						},
						"0.35": {
							"vector": [0, -126, 0]
						},
						"0.4": {
							"vector": [0, -144, 0]
						},
						"0.45": {
							"vector": [0, -162, 0]
						},
						"0.5": {
							"vector": [0, -180, 0]
						}
					},
					"position": {
						"0.2": {
							"vector": [0, 0, 0]
						},
						"0.5": {
							"vector": [-4, -1.2, 6]
						}
					},
					"scale": {
						"0.1": {
							"vector": [0, 0, 0]
						},
						"0.2": {
							"vector": [0.7, 0.7, 0.7]
						},
						"0.25": {
							"vector": [0.6, 0.6, 0.6]
						},
						"0.3": {
							"vector": [0.7, 0.7, 0.7]
						},
						"0.35": {
							"vector": [0.6, 0.6, 0.6]
						},
						"0.4": {
							"vector": [0.7, 0.7, 0.7]
						},
						"0.45": {
							"vector": [0.6, 0.6, 0.6]
						},
						"0.5": {
							"vector": [0.7, 0.7, 0.7]
						}
					}
				},
				"efball7": {
					"rotation": {
						"0.1": {
							"vector": [0, -36, 0]
						},
						"0.15": {
							"vector": [0, -54, 0]
						},
						"0.2": {
							"vector": [0, -72, 0]
						},
						"0.25": {
							"vector": [0, -90, 0]
						},
						"0.3": {
							"vector": [0, -108, 0]
						},
						"0.35": {
							"vector": [0, -126, 0]
						},
						"0.4": {
							"vector": [0, -144, 0]
						},
						"0.45": {
							"vector": [0, -162, 0]
						},
						"0.5": {
							"vector": [0, -180, 0]
						}
					},
					"position": {
						"0.2": {
							"vector": [0, 0, 0]
						},
						"0.5": {
							"vector": [-9, 3.3, 4.1]
						}
					},
					"scale": {
						"0.1": {
							"vector": [0, 0, 0]
						},
						"0.2": {
							"vector": [0.6, 0.6, 0.6]
						},
						"0.25": {
							"vector": [0.5, 0.5, 0.5]
						},
						"0.3": {
							"vector": [0.6, 0.6, 0.6]
						},
						"0.35": {
							"vector": [0.5, 0.5, 0.5]
						},
						"0.4": {
							"vector": [0.6, 0.6, 0.6]
						},
						"0.45": {
							"vector": [0.5, 0.5, 0.5]
						},
						"0.5": {
							"vector": [0.6, 0.6, 0.6]
						}
					}
				},