{
	"format_version": "1.8.0",
	"animations": {
		"skill1": {
			"animation_length": 1.5,
			"override_previous_animation": true,
			"bones": {
				"right_leg": {
					"rotation": {
						"vector": [54.8973, -4.09405, 2.87277]
					},
					"position": {
						"vector": [0, 0.81915, -6.42642]
					}
				},
				"left_leg": {
					"rotation": {
						"vector": [65, 0, 0]
					},
					"position": {
						"vector": [0, 0.42262, 1.09369]
					}
				},
				"upper_body": {
					"rotation": {
						"0.0": {
							"vector": [24.56202, -22.9824, -10.11783]
						},
						"0.15": {
							"vector": [25.03149, 25.25199, 11.26653]
						},
						"1.2": {
							"vector": [28.40086, 36.43129, 17.80232]
						}
					}
				},
				"left_arm": {
					"rotation": {
						"0.0": {
							"vector": [25.06853, 12.27659, -93.64293]
						},
						"0.15": {
							"vector": [-127.43147, 12.27659, -93.64293]
						},
						"1.2": {
							"vector": [-129.93147, 12.27659, -93.64293]
						}
					},
					"position": {
						"vector": [0.64696, -3.31205, -1.26954]
					}
				},
				"right_arm": {
					"rotation": {
						"0.0": {
							"vector": [28.111, 8.6659, 10.01069]
						},
						"0.15": {
							"vector": [51.02973, 24.09293, -6.8817]
						},
						"1.2": {
							"vector": [50.28857, 26.02657, -8.63115]
						}
					}
				},
				"h_head": {
					"rotation": {
						"vector": [7.5, 0, 0]
					}
				},
				"body": {
					"rotation": {
						"vector": [7.5, 35, 0]
					},
					"position": {
						"0.0": {
							"vector": [26.8943, 10.90866, 26.20492]
						},
						"0.15": {
							"vector": [-22.89103, -34.57448, -23.97645]
						},
						"1.2": {
							"vector": [-23.95247, -35.8225, -25.49737]
						}
					}
				}
			}
		},
		"skill2": {
			"animation_length": 1.5,
			"override_previous_animation": true,
			"bones": {
				"right_leg": {
					"rotation": {
						"vector": [54.8973, -4.09405, 2.87277]
					},
					"position": {
						"vector": [0, 0.81915, -6.42642]
					}
				},
				"left_leg": {
					"rotation": {
						"vector": [65, 0, 0]
					},
					"position": {
						"vector": [0, 0.42262, 1.09369]
					}
				},
				"upper_body": {
					"rotation": {
						"0.0": {
							"vector": [24.56202, -22.9824, -10.11783]
						},
						"0.15": {
							"vector": [25.03149, 25.25199, 11.26653]
						},
						"1.2": {
							"vector": [28.40086, 36.43129, 17.80232]
						}
					}
				},
				"left_arm": {
					"rotation": {
						"0.0": {
							"vector": [25.06853, 12.27659, -93.64293]
						},
						"0.15": {
							"vector": [-127.43147, 12.27659, -93.64293]
						},
						"1.2": {
							"vector": [-129.93147, 12.27659, -93.64293]
						}
					},
					"position": {
						"vector": [0.64696, -3.31205, -1.26954]
					}
				},
				"right_arm": {
					"rotation": {
						"0.0": {
							"vector": [28.111, 8.6659, 10.01069]
						},
						"0.15": {
							"vector": [51.02973, 24.09293, -6.8817]
						},
						"1.2": {
							"vector": [50.28857, 26.02657, -8.63115]
						}
					}
				},
				"h_head": {
					"rotation": {
						"vector": [7.5, 0, 0]
					}
				},
				"body": {
					"rotation": {
						"vector": [7.5, -35, 0]
					},
					"position": {
						"0.0": {
							"vector": [-26.8943, 10.90866, 26.20492]
						},
						"0.15": {
							"vector": [22.89103, -34.57448, -23.97645]
						},
						"1.2": {
							"vector": [23.95247, -35.8225, -25.49737]
						}
					}
				}
			}
		},
		"skill3": {
			"animation_length": 1.5,
			"override_previous_animation": true,
			"bones": {
				"right_leg": {
					"rotation": {
						"vector": [54.8973, -4.09405, 2.87277]
					},
					"position": {
						"vector": [0, 0.81915, -6.42642]
					}
				},
				"left_leg": {
					"rotation": {
						"vector": [65, 0, 0]
					},
					"position": {
						"vector": [0, 0.42262, 1.09369]
					}
				},
				"upper_body": {
					"rotation": {
						"0.0": {
							"vector": [24.56202, -22.9824, -10.11783]
						},
						"0.15": {
							"vector": [25.03149, 25.25199, 11.26653]
						},
						"1.2": {
							"vector": [28.40086, 36.43129, 17.80232]
						}
					}
				},
				"left_arm": {
					"rotation": {
						"0.0": {
							"vector": [25.06853, 12.27659, -93.64293]
						},
						"0.15": {
							"vector": [-127.43147, 12.27659, -93.64293]
						},
						"1.2": {
							"vector": [-129.93147, 12.27659, -93.64293]
						}
					},
					"position": {
						"vector": [0.64696, -3.31205, -1.26954]
					}
				},
				"right_arm": {
					"rotation": {
						"0.0": {
							"vector": [28.111, 8.6659, 10.01069]
						},
						"0.15": {
							"vector": [51.02973, 24.09293, -6.8817]
						},
						"1.2": {
							"vector": [50.28857, 26.02657, -8.63115]
						}
					}
				},
				"h_head": {
					"rotation": {
						"vector": [7.5, 0, 0]
					}
				},
				"body": {
					"rotation": {
						"vector": [-7.5, -35, 0]
					},
					"position": {
						"0.0": {
							"vector": [-24.6483, -40.65201, 22.99729]
						},
						"0.15": {
							"vector": [24.31349, 15.73703, -26.00795]
						},
						"1.2": {
							"vector": [25.37597, 16.98953, -27.52532]
						}
					}
				}
			}
		},
		"skill4": {
			"animation_length": 1.5,
			"override_previous_animation": true,
			"bones": {
				"right_leg": {
					"rotation": {
						"vector": [54.8973, -4.09405, 2.87277]
					},
					"position": {
						"vector": [0, 0.81915, -6.42642]
					}
				},
				"left_leg": {
					"rotation": {
						"vector": [65, 0, 0]
					},
					"position": {
						"vector": [0, 0.42262, 1.09369]
					}
				},
				"upper_body": {
					"rotation": {
						"0.0": {
							"vector": [24.56202, -22.9824, -10.11783]
						},
						"0.15": {
							"vector": [25.03149, 25.25199, 11.26653]
						},
						"1.2": {
							"vector": [28.40086, 36.43129, 17.80232]
						}
					}
				},
				"left_arm": {
					"rotation": {
						"0.0": {
							"vector": [25.06853, 12.27659, -93.64293]
						},
						"0.15": {
							"vector": [-127.43147, 12.27659, -93.64293]
						},
						"1.2": {
							"vector": [-129.93147, 12.27659, -93.64293]
						}
					},
					"position": {
						"vector": [0.64696, -3.31205, -1.26954]
					}
				},
				"right_arm": {
					"rotation": {
						"0.0": {
							"vector": [28.111, 8.6659, 10.01069]
						},
						"0.15": {
							"vector": [51.02973, 24.09293, -6.8817]
						},
						"1.2": {
							"vector": [50.28857, 26.02657, -8.63115]
						}
					}
				},
				"h_head": {
					"rotation": {
						"vector": [7.5, 0, 0]
					}
				},
				"body": {
					"rotation": {
						"vector": [-7.5, 35, 0]
					},
					"position": {
						"0.0": {
							"vector": [24.6483, -40.65201, 22.99729]
						},
						"0.15": {
							"vector": [-24.31349, 15.73703, -26.00795]
						},
						"1.2": {
							"vector": [-25.37597, 16.98953, -27.52532]
						}
					}
				}
			}
		},
		"skill5": {
			"animation_length": 1.5,
			"override_previous_animation": true,
			"bones": {
				"right_leg": {
					"rotation": {
						"vector": [54.8973, -4.09405, 2.87277]
					},
					"position": {
						"vector": [0, 0.81915, -6.42642]
					}
				},
				"left_leg": {
					"rotation": {
						"vector": [65, 0, 0]
					},
					"position": {
						"vector": [0, 0.42262, 1.09369]
					}
				},
				"upper_body": {
					"rotation": {
						"0.0": {
							"vector": [24.56202, -22.9824, -10.11783]
						},
						"0.15": {
							"vector": [25.03149, 25.25199, 11.26653]
						},
						"1.2": {
							"vector": [28.40086, 36.43129, 17.80232]
						}
					}
				},
				"left_arm": {
					"rotation": {
						"0.0": {
							"vector": [25.06853, 12.27659, -93.64293]
						},
						"0.15": {
							"vector": [-127.43147, 12.27659, -93.64293]
						},
						"1.2": {
							"vector": [-129.93147, 12.27659, -93.64293]
						}
					},
					"position": {
						"vector": [0.64696, -3.31205, -1.26954]
					}
				},
				"right_arm": {
					"rotation": {
						"0.0": {
							"vector": [28.111, 8.6659, 10.01069]
						},